"Source","InstalledOn","HotFixID","Description","InstalledBy"
"Server0","12/28/2019 12:00:00 AM","MSKB3166786","Update","NT AUTHORITY\SYSTEM"
"Server0","12/28/2019 12:00:00 AM","MSKB7931209","Security Update","NT AUTHORITY\SYSTEM"
"Server0","12/28/2019 12:00:00 AM","MSKB8349478","Update","NT AUTHORITY\SYSTEM"
"Server0","12/28/2019 12:00:00 AM","MSKB2882996","Security Update","NT AUTHORITY\SYSTEM"
"Server0","12/28/2019 12:00:00 AM","MSKB9909917","Update","NT AUTHORITY\SYSTEM"
"Server0","12/28/2019 12:00:00 AM","MSKB4171066","Update","NT AUTHORITY\SYSTEM"
"Server0","12/28/2019 12:00:00 AM","MSKB7322885","Update","NT AUTHORITY\SYSTEM"
"Server1","12/28/2019 12:00:00 AM","MSKB7301356","Update","NT AUTHORITY\SYSTEM"
"Server1","12/28/2019 12:00:00 AM","MSKB6216496","Security Update","NT AUTHORITY\SYSTEM"
"Server1","12/28/2019 12:00:00 AM","MSKB9078770","Update","NT AUTHORITY\SYSTEM"
"Server1","12/28/2019 12:00:00 AM","MSKB2011510","Security Update","NT AUTHORITY\SYSTEM"
"Server1","12/28/2019 12:00:00 AM","MSKB2492966","Security Update","NT AUTHORITY\SYSTEM"
"Server1","12/28/2019 12:00:00 AM","MSKB3893691","Update","NT AUTHORITY\SYSTEM"
"Server1","12/28/2019 12:00:00 AM","MSKB7857837","Update","NT AUTHORITY\SYSTEM"
"Server2","12/28/2019 12:00:00 AM","MSKB7757667","Update","NT AUTHORITY\SYSTEM"
"Server2","12/28/2019 12:00:00 AM","MSKB8607516","Security Update","NT AUTHORITY\SYSTEM"
"Server2","12/28/2019 12:00:00 AM","MSKB8165964","Update","NT AUTHORITY\SYSTEM"
"Server2","12/28/2019 12:00:00 AM","MSKB3091201","Security Update","NT AUTHORITY\SYSTEM"
"Server2","12/28/2019 12:00:00 AM","MSKB4305719","Update","NT AUTHORITY\SYSTEM"
"Server4","12/28/2019 12:00:00 AM","MSKB9913247","Update","NT AUTHORITY\SYSTEM"
"Server4","12/28/2019 12:00:00 AM","MSKB3085750","Update","NT AUTHORITY\SYSTEM"
"Server4","12/28/2019 12:00:00 AM","MSKB2660449","Security Update","NT AUTHORITY\SYSTEM"
"Server4","12/28/2019 12:00:00 AM","MSKB2414852","Security Update","NT AUTHORITY\SYSTEM"
"Server4","12/28/2019 12:00:00 AM","MSKB9659866","Update","NT AUTHORITY\SYSTEM"
"Server4","12/28/2019 12:00:00 AM","MSKB9104134","Update","NT AUTHORITY\SYSTEM"
"Server6","12/28/2019 12:00:00 AM","MSKB3852194","Security Update","NT AUTHORITY\SYSTEM"
"Server6","12/28/2019 12:00:00 AM","MSKB5330531","Update","NT AUTHORITY\SYSTEM"
"Server6","12/28/2019 12:00:00 AM","MSKB3349747","Update","NT AUTHORITY\SYSTEM"
"Server6","12/28/2019 12:00:00 AM","MSKB1236838","Security Update","NT AUTHORITY\SYSTEM"
"Server6","12/28/2019 12:00:00 AM","MSKB8620185","Update","NT AUTHORITY\SYSTEM"
"Server6","12/28/2019 12:00:00 AM","MSKB5452061","Security Update","NT AUTHORITY\SYSTEM"
"Server6","12/28/2019 12:00:00 AM","MSKB9071798","Security Update","NT AUTHORITY\SYSTEM"
"Server9","12/28/2019 12:00:00 AM","MSKB4855783","Update","NT AUTHORITY\SYSTEM"
"Server9","12/28/2019 12:00:00 AM","MSKB3391274","Security Update","NT AUTHORITY\SYSTEM"
"Server9","12/28/2019 12:00:00 AM","MSKB5492034","Update","NT AUTHORITY\SYSTEM"
"Server10","12/28/2019 12:00:00 AM","MSKB5912794","Update","NT AUTHORITY\SYSTEM"
"Server10","12/28/2019 12:00:00 AM","MSKB3190105","Security Update","NT AUTHORITY\SYSTEM"
"Server10","12/28/2019 12:00:00 AM","MSKB7845402","Update","NT AUTHORITY\SYSTEM"
"Server10","12/28/2019 12:00:00 AM","MSKB7891646","Security Update","NT AUTHORITY\SYSTEM"
"Server10","12/28/2019 12:00:00 AM","MSKB4661067","Update","NT AUTHORITY\SYSTEM"
"Server10","12/28/2019 12:00:00 AM","MSKB4636582","Security Update","NT AUTHORITY\SYSTEM"
"Server11","12/28/2019 12:00:00 AM","MSKB7704556","Security Update","NT AUTHORITY\SYSTEM"
"Server11","12/28/2019 12:00:00 AM","MSKB6880048","Update","NT AUTHORITY\SYSTEM"
"Server11","12/28/2019 12:00:00 AM","MSKB9975621","Update","NT AUTHORITY\SYSTEM"
"Server11","12/28/2019 12:00:00 AM","MSKB3524526","Security Update","NT AUTHORITY\SYSTEM"
"Server11","12/28/2019 12:00:00 AM","MSKB7081967","Security Update","NT AUTHORITY\SYSTEM"
"Server11","12/28/2019 12:00:00 AM","MSKB5872186","Security Update","NT AUTHORITY\SYSTEM"
"Server14","12/28/2019 12:00:00 AM","MSKB6858820","Security Update","NT AUTHORITY\SYSTEM"
"Server14","12/28/2019 12:00:00 AM","MSKB2508050","Security Update","NT AUTHORITY\SYSTEM"
"Server14","12/28/2019 12:00:00 AM","MSKB5329447","Security Update","NT AUTHORITY\SYSTEM"
"Server15","12/28/2019 12:00:00 AM","MSKB2212888","Security Update","NT AUTHORITY\SYSTEM"
"Server16","12/28/2019 12:00:00 AM","MSKB7130230","Security Update","NT AUTHORITY\SYSTEM"
"Server16","12/28/2019 12:00:00 AM","MSKB6965707","Security Update","NT AUTHORITY\SYSTEM"
"Server18","12/28/2019 12:00:00 AM","MSKB3031289","Security Update","NT AUTHORITY\SYSTEM"
"Server19","12/28/2019 12:00:00 AM","MSKB3764709","Update","NT AUTHORITY\SYSTEM"
"Server19","12/28/2019 12:00:00 AM","MSKB5929485","Update","NT AUTHORITY\SYSTEM"
"Server19","12/28/2019 12:00:00 AM","MSKB4176975","Security Update","NT AUTHORITY\SYSTEM"
"Server19","12/28/2019 12:00:00 AM","MSKB5962056","Security Update","NT AUTHORITY\SYSTEM"
"Server19","12/28/2019 12:00:00 AM","MSKB4296611","Security Update","NT AUTHORITY\SYSTEM"
"Server19","12/28/2019 12:00:00 AM","MSKB3790660","Update","NT AUTHORITY\SYSTEM"
"Server21","12/28/2019 12:00:00 AM","MSKB4385937","Update","NT AUTHORITY\SYSTEM"
"Server21","12/28/2019 12:00:00 AM","MSKB1798761","Security Update","NT AUTHORITY\SYSTEM"
"Server21","12/28/2019 12:00:00 AM","MSKB2481078","Security Update","NT AUTHORITY\SYSTEM"
"Server21","12/28/2019 12:00:00 AM","MSKB5294446","Security Update","NT AUTHORITY\SYSTEM"
"Server21","12/28/2019 12:00:00 AM","MSKB2085251","Security Update","NT AUTHORITY\SYSTEM"
"Server21","12/28/2019 12:00:00 AM","MSKB9433824","Update","NT AUTHORITY\SYSTEM"
"Server22","12/28/2019 12:00:00 AM","MSKB9728687","Security Update","NT AUTHORITY\SYSTEM"
"Server22","12/28/2019 12:00:00 AM","MSKB4101260","Update","NT AUTHORITY\SYSTEM"
"Server24","12/28/2019 12:00:00 AM","MSKB1616611","Security Update","NT AUTHORITY\SYSTEM"
"Server24","12/28/2019 12:00:00 AM","MSKB9114273","Security Update","NT AUTHORITY\SYSTEM"
"Server24","12/28/2019 12:00:00 AM","MSKB1546859","Update","NT AUTHORITY\SYSTEM"
"Server24","12/28/2019 12:00:00 AM","MSKB1435520","Update","NT AUTHORITY\SYSTEM"
"Server24","12/28/2019 12:00:00 AM","MSKB1977979","Update","NT AUTHORITY\SYSTEM"
"Server25","12/28/2019 12:00:00 AM","MSKB2235742","Security Update","NT AUTHORITY\SYSTEM"
"Server25","12/28/2019 12:00:00 AM","MSKB7804674","Update","NT AUTHORITY\SYSTEM"
"Server25","12/28/2019 12:00:00 AM","MSKB7350696","Update","NT AUTHORITY\SYSTEM"
"Server25","12/28/2019 12:00:00 AM","MSKB5147068","Security Update","NT AUTHORITY\SYSTEM"
"Server25","12/28/2019 12:00:00 AM","MSKB9051973","Security Update","NT AUTHORITY\SYSTEM"
"Server25","12/28/2019 12:00:00 AM","MSKB6134938","Update","NT AUTHORITY\SYSTEM"
"Server26","12/28/2019 12:00:00 AM","MSKB5923495","Update","NT AUTHORITY\SYSTEM"
"Server26","12/28/2019 12:00:00 AM","MSKB9506983","Update","NT AUTHORITY\SYSTEM"
"Server26","12/28/2019 12:00:00 AM","MSKB8123124","Security Update","NT AUTHORITY\SYSTEM"
"Server26","12/28/2019 12:00:00 AM","MSKB4419796","Security Update","NT AUTHORITY\SYSTEM"
"Server26","12/28/2019 12:00:00 AM","MSKB8205461","Security Update","NT AUTHORITY\SYSTEM"
"Server26","12/28/2019 12:00:00 AM","MSKB6008554","Update","NT AUTHORITY\SYSTEM"
"Server26","12/28/2019 12:00:00 AM","MSKB2550105","Update","NT AUTHORITY\SYSTEM"
"Server27","12/28/2019 12:00:00 AM","MSKB1617097","Update","NT AUTHORITY\SYSTEM"
"Server27","12/28/2019 12:00:00 AM","MSKB3158933","Security Update","NT AUTHORITY\SYSTEM"
"Server27","12/28/2019 12:00:00 AM","MSKB1185914","Update","NT AUTHORITY\SYSTEM"
"Server29","12/28/2019 12:00:00 AM","MSKB4548847","Security Update","NT AUTHORITY\SYSTEM"
"Server29","12/28/2019 12:00:00 AM","MSKB6823412","Update","NT AUTHORITY\SYSTEM"
"Server30","12/28/2019 12:00:00 AM","MSKB9054711","Update","NT AUTHORITY\SYSTEM"
"Server30","12/28/2019 12:00:00 AM","MSKB9455727","Security Update","NT AUTHORITY\SYSTEM"
"Server30","12/28/2019 12:00:00 AM","MSKB9092251","Security Update","NT AUTHORITY\SYSTEM"
"Server30","12/28/2019 12:00:00 AM","MSKB7603441","Security Update","NT AUTHORITY\SYSTEM"
"Server31","12/28/2019 12:00:00 AM","MSKB3595789","Security Update","NT AUTHORITY\SYSTEM"
"Server32","12/28/2019 12:00:00 AM","MSKB2838111","Security Update","NT AUTHORITY\SYSTEM"
"Server32","12/28/2019 12:00:00 AM","MSKB8696152","Update","NT AUTHORITY\SYSTEM"
"Server34","12/28/2019 12:00:00 AM","MSKB5897738","Security Update","NT AUTHORITY\SYSTEM"
"Server34","12/28/2019 12:00:00 AM","MSKB3222493","Update","NT AUTHORITY\SYSTEM"
"Server34","12/28/2019 12:00:00 AM","MSKB2428718","Security Update","NT AUTHORITY\SYSTEM"
"Server34","12/28/2019 12:00:00 AM","MSKB5276330","Security Update","NT AUTHORITY\SYSTEM"
"Server34","12/28/2019 12:00:00 AM","MSKB1209121","Update","NT AUTHORITY\SYSTEM"
"Server34","12/28/2019 12:00:00 AM","MSKB3558092","Security Update","NT AUTHORITY\SYSTEM"
"Server34","12/28/2019 12:00:00 AM","MSKB3626436","Security Update","NT AUTHORITY\SYSTEM"
"Server36","12/28/2019 12:00:00 AM","MSKB9308315","Security Update","NT AUTHORITY\SYSTEM"
"Server36","12/28/2019 12:00:00 AM","MSKB3292969","Security Update","NT AUTHORITY\SYSTEM"
"Server36","12/28/2019 12:00:00 AM","MSKB4219746","Security Update","NT AUTHORITY\SYSTEM"
"Server36","12/28/2019 12:00:00 AM","MSKB6320811","Update","NT AUTHORITY\SYSTEM"
"Server36","12/28/2019 12:00:00 AM","MSKB3130153","Security Update","NT AUTHORITY\SYSTEM"
"Server36","12/28/2019 12:00:00 AM","MSKB2188628","Security Update","NT AUTHORITY\SYSTEM"
"Server36","12/28/2019 12:00:00 AM","MSKB7258988","Update","NT AUTHORITY\SYSTEM"
"Server38","12/28/2019 12:00:00 AM","MSKB8292233","Update","NT AUTHORITY\SYSTEM"
"Server38","12/28/2019 12:00:00 AM","MSKB3064607","Update","NT AUTHORITY\SYSTEM"
"Server38","12/28/2019 12:00:00 AM","MSKB6912062","Update","NT AUTHORITY\SYSTEM"
"Server38","12/28/2019 12:00:00 AM","MSKB4654148","Security Update","NT AUTHORITY\SYSTEM"
"Server38","12/28/2019 12:00:00 AM","MSKB8298339","Update","NT AUTHORITY\SYSTEM"
"Server39","12/28/2019 12:00:00 AM","MSKB2480311","Update","NT AUTHORITY\SYSTEM"
"Server39","12/28/2019 12:00:00 AM","MSKB1360067","Update","NT AUTHORITY\SYSTEM"
"Server39","12/28/2019 12:00:00 AM","MSKB5233024","Update","NT AUTHORITY\SYSTEM"
"Server40","12/28/2019 12:00:00 AM","MSKB8751875","Update","NT AUTHORITY\SYSTEM"
"Server42","12/28/2019 12:00:00 AM","MSKB4393767","Update","NT AUTHORITY\SYSTEM"
"Server42","12/28/2019 12:00:00 AM","MSKB2958289","Security Update","NT AUTHORITY\SYSTEM"
"Server42","12/28/2019 12:00:00 AM","MSKB8519286","Security Update","NT AUTHORITY\SYSTEM"
"Server42","12/28/2019 12:00:00 AM","MSKB3556496","Update","NT AUTHORITY\SYSTEM"
"Server43","12/28/2019 12:00:00 AM","MSKB4856559","Security Update","NT AUTHORITY\SYSTEM"
"Server43","12/28/2019 12:00:00 AM","MSKB1234187","Security Update","NT AUTHORITY\SYSTEM"
"Server43","12/28/2019 12:00:00 AM","MSKB1081460","Update","NT AUTHORITY\SYSTEM"
"Server43","12/28/2019 12:00:00 AM","MSKB2456438","Update","NT AUTHORITY\SYSTEM"
"Server43","12/28/2019 12:00:00 AM","MSKB7472696","Update","NT AUTHORITY\SYSTEM"
"Server45","12/28/2019 12:00:00 AM","MSKB3895491","Update","NT AUTHORITY\SYSTEM"
"Server45","12/28/2019 12:00:00 AM","MSKB7650007","Update","NT AUTHORITY\SYSTEM"
"Server45","12/28/2019 12:00:00 AM","MSKB4670317","Security Update","NT AUTHORITY\SYSTEM"
"Server45","12/28/2019 12:00:00 AM","MSKB7245230","Update","NT AUTHORITY\SYSTEM"
"Server45","12/28/2019 12:00:00 AM","MSKB4222572","Update","NT AUTHORITY\SYSTEM"
"Server45","12/28/2019 12:00:00 AM","MSKB6497126","Security Update","NT AUTHORITY\SYSTEM"
"Server47","12/28/2019 12:00:00 AM","MSKB8925005","Update","NT AUTHORITY\SYSTEM"
"Server47","12/28/2019 12:00:00 AM","MSKB5428178","Update","NT AUTHORITY\SYSTEM"
"Server47","12/28/2019 12:00:00 AM","MSKB5494791","Update","NT AUTHORITY\SYSTEM"
"Server47","12/28/2019 12:00:00 AM","MSKB8788956","Security Update","NT AUTHORITY\SYSTEM"
"Server47","12/28/2019 12:00:00 AM","MSKB1535323","Update","NT AUTHORITY\SYSTEM"
"Server48","12/28/2019 12:00:00 AM","MSKB5956804","Update","NT AUTHORITY\SYSTEM"
"Server48","12/28/2019 12:00:00 AM","MSKB8967675","Security Update","NT AUTHORITY\SYSTEM"
"Server48","12/28/2019 12:00:00 AM","MSKB1520961","Security Update","NT AUTHORITY\SYSTEM"
"Server48","12/28/2019 12:00:00 AM","MSKB2495285","Update","NT AUTHORITY\SYSTEM"
"Server48","12/28/2019 12:00:00 AM","MSKB6385289","Update","NT AUTHORITY\SYSTEM"
"Server48","12/28/2019 12:00:00 AM","MSKB6176068","Security Update","NT AUTHORITY\SYSTEM"
"Server48","12/28/2019 12:00:00 AM","MSKB9008953","Security Update","NT AUTHORITY\SYSTEM"
"Server49","12/28/2019 12:00:00 AM","MSKB8781409","Security Update","NT AUTHORITY\SYSTEM"
"Server49","12/28/2019 12:00:00 AM","MSKB2964533","Security Update","NT AUTHORITY\SYSTEM"
"Server50","12/28/2019 12:00:00 AM","MSKB4848641","Update","NT AUTHORITY\SYSTEM"
"Server50","12/28/2019 12:00:00 AM","MSKB7183635","Security Update","NT AUTHORITY\SYSTEM"
"Server50","12/28/2019 12:00:00 AM","MSKB3453742","Security Update","NT AUTHORITY\SYSTEM"
"Server50","12/28/2019 12:00:00 AM","MSKB9588759","Security Update","NT AUTHORITY\SYSTEM"
"Server51","12/28/2019 12:00:00 AM","MSKB3893881","Security Update","NT AUTHORITY\SYSTEM"
"Server51","12/28/2019 12:00:00 AM","MSKB7544654","Update","NT AUTHORITY\SYSTEM"
"Server51","12/28/2019 12:00:00 AM","MSKB5162232","Update","NT AUTHORITY\SYSTEM"
"Server51","12/28/2019 12:00:00 AM","MSKB5853509","Security Update","NT AUTHORITY\SYSTEM"
"Server51","12/28/2019 12:00:00 AM","MSKB4920977","Update","NT AUTHORITY\SYSTEM"
"Server51","12/28/2019 12:00:00 AM","MSKB8307143","Security Update","NT AUTHORITY\SYSTEM"
"Server52","12/28/2019 12:00:00 AM","MSKB7863040","Update","NT AUTHORITY\SYSTEM"
"Server52","12/28/2019 12:00:00 AM","MSKB5878467","Update","NT AUTHORITY\SYSTEM"
"Server52","12/28/2019 12:00:00 AM","MSKB2480185","Update","NT AUTHORITY\SYSTEM"
"Server52","12/28/2019 12:00:00 AM","MSKB6750574","Update","NT AUTHORITY\SYSTEM"
"Server54","12/28/2019 12:00:00 AM","MSKB7328894","Security Update","NT AUTHORITY\SYSTEM"
"Server54","12/28/2019 12:00:00 AM","MSKB8572065","Security Update","NT AUTHORITY\SYSTEM"
"Server54","12/28/2019 12:00:00 AM","MSKB8750179","Security Update","NT AUTHORITY\SYSTEM"
"Server54","12/28/2019 12:00:00 AM","MSKB3723864","Update","NT AUTHORITY\SYSTEM"
"Server54","12/28/2019 12:00:00 AM","MSKB5770664","Security Update","NT AUTHORITY\SYSTEM"
"Server55","12/28/2019 12:00:00 AM","MSKB8594070","Update","NT AUTHORITY\SYSTEM"
"Server55","12/28/2019 12:00:00 AM","MSKB3941951","Security Update","NT AUTHORITY\SYSTEM"
"Server56","12/28/2019 12:00:00 AM","MSKB6810110","Update","NT AUTHORITY\SYSTEM"
"Server56","12/28/2019 12:00:00 AM","MSKB2827596","Update","NT AUTHORITY\SYSTEM"
"Server59","12/28/2019 12:00:00 AM","MSKB1317196","Update","NT AUTHORITY\SYSTEM"
"Server59","12/28/2019 12:00:00 AM","MSKB4773915","Update","NT AUTHORITY\SYSTEM"
"Server59","12/28/2019 12:00:00 AM","MSKB9401709","Update","NT AUTHORITY\SYSTEM"
"Server59","12/28/2019 12:00:00 AM","MSKB1255306","Security Update","NT AUTHORITY\SYSTEM"
"Server59","12/28/2019 12:00:00 AM","MSKB6033349","Update","NT AUTHORITY\SYSTEM"
"Server59","12/28/2019 12:00:00 AM","MSKB7950284","Update","NT AUTHORITY\SYSTEM"
"Server60","12/28/2019 12:00:00 AM","MSKB3007438","Update","NT AUTHORITY\SYSTEM"
"Server60","12/28/2019 12:00:00 AM","MSKB6508156","Security Update","NT AUTHORITY\SYSTEM"
"Server60","12/28/2019 12:00:00 AM","MSKB5261568","Security Update","NT AUTHORITY\SYSTEM"
"Server60","12/28/2019 12:00:00 AM","MSKB9503652","Security Update","NT AUTHORITY\SYSTEM"
"Server61","12/28/2019 12:00:00 AM","MSKB9652415","Update","NT AUTHORITY\SYSTEM"
"Server62","12/28/2019 12:00:00 AM","MSKB6740874","Security Update","NT AUTHORITY\SYSTEM"
"Server62","12/28/2019 12:00:00 AM","MSKB9110186","Update","NT AUTHORITY\SYSTEM"
"Server62","12/28/2019 12:00:00 AM","MSKB7168717","Security Update","NT AUTHORITY\SYSTEM"
"Server62","12/28/2019 12:00:00 AM","MSKB9722862","Update","NT AUTHORITY\SYSTEM"
"Server62","12/28/2019 12:00:00 AM","MSKB2790281","Update","NT AUTHORITY\SYSTEM"
"Server63","12/28/2019 12:00:00 AM","MSKB9860252","Security Update","NT AUTHORITY\SYSTEM"
"Server63","12/28/2019 12:00:00 AM","MSKB4059511","Update","NT AUTHORITY\SYSTEM"
"Server63","12/28/2019 12:00:00 AM","MSKB5351214","Security Update","NT AUTHORITY\SYSTEM"
"Server63","12/28/2019 12:00:00 AM","MSKB6755734","Update","NT AUTHORITY\SYSTEM"
"Server63","12/28/2019 12:00:00 AM","MSKB7218389","Update","NT AUTHORITY\SYSTEM"
"Server64","12/28/2019 12:00:00 AM","MSKB8015990","Security Update","NT AUTHORITY\SYSTEM"
"Server64","12/28/2019 12:00:00 AM","MSKB2287236","Security Update","NT AUTHORITY\SYSTEM"
"Server64","12/28/2019 12:00:00 AM","MSKB7575827","Security Update","NT AUTHORITY\SYSTEM"
"Server64","12/28/2019 12:00:00 AM","MSKB6503478","Update","NT AUTHORITY\SYSTEM"
"Server64","12/28/2019 12:00:00 AM","MSKB1805699","Update","NT AUTHORITY\SYSTEM"
"Server64","12/28/2019 12:00:00 AM","MSKB7125630","Security Update","NT AUTHORITY\SYSTEM"
"Server65","12/28/2019 12:00:00 AM","MSKB6349721","Update","NT AUTHORITY\SYSTEM"
"Server66","12/28/2019 12:00:00 AM","MSKB5901505","Update","NT AUTHORITY\SYSTEM"
"Server66","12/28/2019 12:00:00 AM","MSKB9260950","Update","NT AUTHORITY\SYSTEM"
"Server66","12/28/2019 12:00:00 AM","MSKB1941386","Security Update","NT AUTHORITY\SYSTEM"
"Server66","12/28/2019 12:00:00 AM","MSKB6845037","Update","NT AUTHORITY\SYSTEM"
"Server67","12/28/2019 12:00:00 AM","MSKB5365431","Security Update","NT AUTHORITY\SYSTEM"
"Server67","12/28/2019 12:00:00 AM","MSKB5188748","Update","NT AUTHORITY\SYSTEM"
"Server67","12/28/2019 12:00:00 AM","MSKB2633994","Security Update","NT AUTHORITY\SYSTEM"
"Server68","12/28/2019 12:00:00 AM","MSKB4715528","Update","NT AUTHORITY\SYSTEM"
"Server68","12/28/2019 12:00:00 AM","MSKB8523464","Security Update","NT AUTHORITY\SYSTEM"
"Server68","12/28/2019 12:00:00 AM","MSKB7713369","Security Update","NT AUTHORITY\SYSTEM"
"Server70","12/28/2019 12:00:00 AM","MSKB1403028","Update","NT AUTHORITY\SYSTEM"
"Server70","12/28/2019 12:00:00 AM","MSKB2562563","Security Update","NT AUTHORITY\SYSTEM"
"Server70","12/28/2019 12:00:00 AM","MSKB7933356","Security Update","NT AUTHORITY\SYSTEM"
"Server71","12/28/2019 12:00:00 AM","MSKB1938001","Update","NT AUTHORITY\SYSTEM"
"Server71","12/28/2019 12:00:00 AM","MSKB5243944","Update","NT AUTHORITY\SYSTEM"
"Server71","12/28/2019 12:00:00 AM","MSKB4105412","Security Update","NT AUTHORITY\SYSTEM"
"Server72","12/28/2019 12:00:00 AM","MSKB2520452","Update","NT AUTHORITY\SYSTEM"
"Server72","12/28/2019 12:00:00 AM","MSKB8540065","Update","NT AUTHORITY\SYSTEM"
"Server72","12/28/2019 12:00:00 AM","MSKB7355550","Security Update","NT AUTHORITY\SYSTEM"
"Server72","12/28/2019 12:00:00 AM","MSKB1953681","Security Update","NT AUTHORITY\SYSTEM"
"Server72","12/28/2019 12:00:00 AM","MSKB5367865","Security Update","NT AUTHORITY\SYSTEM"
"Server73","12/28/2019 12:00:00 AM","MSKB1900358","Security Update","NT AUTHORITY\SYSTEM"
"Server73","12/28/2019 12:00:00 AM","MSKB6333005","Update","NT AUTHORITY\SYSTEM"
"Server73","12/28/2019 12:00:00 AM","MSKB4347146","Security Update","NT AUTHORITY\SYSTEM"
"Server73","12/28/2019 12:00:00 AM","MSKB7306511","Update","NT AUTHORITY\SYSTEM"
"Server76","12/28/2019 12:00:00 AM","MSKB2388132","Security Update","NT AUTHORITY\SYSTEM"
"Server76","12/28/2019 12:00:00 AM","MSKB2594480","Update","NT AUTHORITY\SYSTEM"
"Server76","12/28/2019 12:00:00 AM","MSKB3117398","Update","NT AUTHORITY\SYSTEM"
"Server77","12/28/2019 12:00:00 AM","MSKB8151429","Security Update","NT AUTHORITY\SYSTEM"
"Server77","12/28/2019 12:00:00 AM","MSKB5167661","Update","NT AUTHORITY\SYSTEM"
"Server77","12/28/2019 12:00:00 AM","MSKB4073946","Security Update","NT AUTHORITY\SYSTEM"
"Server77","12/28/2019 12:00:00 AM","MSKB5709973","Security Update","NT AUTHORITY\SYSTEM"
"Server77","12/28/2019 12:00:00 AM","MSKB2160528","Update","NT AUTHORITY\SYSTEM"
"Server77","12/28/2019 12:00:00 AM","MSKB2942250","Security Update","NT AUTHORITY\SYSTEM"
"Server79","12/28/2019 12:00:00 AM","MSKB8787403","Security Update","NT AUTHORITY\SYSTEM"
"Server79","12/28/2019 12:00:00 AM","MSKB8573588","Security Update","NT AUTHORITY\SYSTEM"
"Server79","12/28/2019 12:00:00 AM","MSKB1210700","Security Update","NT AUTHORITY\SYSTEM"
"Server79","12/28/2019 12:00:00 AM","MSKB6608258","Update","NT AUTHORITY\SYSTEM"
"Server80","12/28/2019 12:00:00 AM","MSKB2273998","Security Update","NT AUTHORITY\SYSTEM"
"Server81","12/28/2019 12:00:00 AM","MSKB1626403","Security Update","NT AUTHORITY\SYSTEM"
"Server81","12/28/2019 12:00:00 AM","MSKB1990447","Update","NT AUTHORITY\SYSTEM"
"Server81","12/28/2019 12:00:00 AM","MSKB2023369","Update","NT AUTHORITY\SYSTEM"
"Server81","12/28/2019 12:00:00 AM","MSKB7160332","Security Update","NT AUTHORITY\SYSTEM"
"Server81","12/28/2019 12:00:00 AM","MSKB7748387","Update","NT AUTHORITY\SYSTEM"
"Server81","12/28/2019 12:00:00 AM","MSKB8997302","Security Update","NT AUTHORITY\SYSTEM"
"Server82","12/28/2019 12:00:00 AM","MSKB6470670","Update","NT AUTHORITY\SYSTEM"
"Server82","12/28/2019 12:00:00 AM","MSKB8921693","Security Update","NT AUTHORITY\SYSTEM"
"Server82","12/28/2019 12:00:00 AM","MSKB4642825","Update","NT AUTHORITY\SYSTEM"
"Server82","12/28/2019 12:00:00 AM","MSKB7367875","Update","NT AUTHORITY\SYSTEM"
"Server82","12/28/2019 12:00:00 AM","MSKB6508198","Security Update","NT AUTHORITY\SYSTEM"
"Server82","12/28/2019 12:00:00 AM","MSKB5196064","Update","NT AUTHORITY\SYSTEM"
"Server83","12/28/2019 12:00:00 AM","MSKB4178783","Update","NT AUTHORITY\SYSTEM"
"Server83","12/28/2019 12:00:00 AM","MSKB9687837","Update","NT AUTHORITY\SYSTEM"
"Server83","12/28/2019 12:00:00 AM","MSKB2100317","Update","NT AUTHORITY\SYSTEM"
"Server83","12/28/2019 12:00:00 AM","MSKB5613013","Security Update","NT AUTHORITY\SYSTEM"
"Server83","12/28/2019 12:00:00 AM","MSKB1203757","Update","NT AUTHORITY\SYSTEM"
"Server83","12/28/2019 12:00:00 AM","MSKB7379601","Security Update","NT AUTHORITY\SYSTEM"
"Server83","12/28/2019 12:00:00 AM","MSKB3967886","Update","NT AUTHORITY\SYSTEM"
"Server84","12/28/2019 12:00:00 AM","MSKB2895851","Security Update","NT AUTHORITY\SYSTEM"
"Server84","12/28/2019 12:00:00 AM","MSKB2380707","Security Update","NT AUTHORITY\SYSTEM"
"Server84","12/28/2019 12:00:00 AM","MSKB2549132","Update","NT AUTHORITY\SYSTEM"
"Server84","12/28/2019 12:00:00 AM","MSKB7414641","Update","NT AUTHORITY\SYSTEM"
"Server84","12/28/2019 12:00:00 AM","MSKB2434060","Update","NT AUTHORITY\SYSTEM"
"Server84","12/28/2019 12:00:00 AM","MSKB7944342","Update","NT AUTHORITY\SYSTEM"
"Server84","12/28/2019 12:00:00 AM","MSKB5963603","Security Update","NT AUTHORITY\SYSTEM"
"Server85","12/28/2019 12:00:00 AM","MSKB2863746","Security Update","NT AUTHORITY\SYSTEM"
"Server85","12/28/2019 12:00:00 AM","MSKB6073558","Update","NT AUTHORITY\SYSTEM"
"Server85","12/28/2019 12:00:00 AM","MSKB9644843","Security Update","NT AUTHORITY\SYSTEM"
"Server85","12/28/2019 12:00:00 AM","MSKB8069332","Security Update","NT AUTHORITY\SYSTEM"
"Server85","12/28/2019 12:00:00 AM","MSKB7684309","Update","NT AUTHORITY\SYSTEM"
"Server85","12/28/2019 12:00:00 AM","MSKB5544053","Security Update","NT AUTHORITY\SYSTEM"
"Server85","12/28/2019 12:00:00 AM","MSKB9175745","Update","NT AUTHORITY\SYSTEM"
"Server87","12/28/2019 12:00:00 AM","MSKB8466257","Update","NT AUTHORITY\SYSTEM"
"Server87","12/28/2019 12:00:00 AM","MSKB3074525","Update","NT AUTHORITY\SYSTEM"
"Server87","12/28/2019 12:00:00 AM","MSKB5210029","Security Update","NT AUTHORITY\SYSTEM"
"Server87","12/28/2019 12:00:00 AM","MSKB3289158","Security Update","NT AUTHORITY\SYSTEM"
"Server87","12/28/2019 12:00:00 AM","MSKB1161229","Update","NT AUTHORITY\SYSTEM"
"Server87","12/28/2019 12:00:00 AM","MSKB2796996","Update","NT AUTHORITY\SYSTEM"
"Server88","12/28/2019 12:00:00 AM","MSKB1971074","Update","NT AUTHORITY\SYSTEM"
"Server88","12/28/2019 12:00:00 AM","MSKB4324600","Security Update","NT AUTHORITY\SYSTEM"
"Server89","12/28/2019 12:00:00 AM","MSKB4166763","Security Update","NT AUTHORITY\SYSTEM"
"Server89","12/28/2019 12:00:00 AM","MSKB5909462","Update","NT AUTHORITY\SYSTEM"
"Server89","12/28/2019 12:00:00 AM","MSKB7721636","Security Update","NT AUTHORITY\SYSTEM"
"Server90","12/28/2019 12:00:00 AM","MSKB7860936","Update","NT AUTHORITY\SYSTEM"
"Server90","12/28/2019 12:00:00 AM","MSKB2876436","Security Update","NT AUTHORITY\SYSTEM"
"Server90","12/28/2019 12:00:00 AM","MSKB4968666","Update","NT AUTHORITY\SYSTEM"
"Server91","12/28/2019 12:00:00 AM","MSKB4786220","Security Update","NT AUTHORITY\SYSTEM"
"Server92","12/28/2019 12:00:00 AM","MSKB9342203","Update","NT AUTHORITY\SYSTEM"
"Server92","12/28/2019 12:00:00 AM","MSKB1589143","Security Update","NT AUTHORITY\SYSTEM"
"Server92","12/28/2019 12:00:00 AM","MSKB8135838","Update","NT AUTHORITY\SYSTEM"
"Server94","12/28/2019 12:00:00 AM","MSKB5653047","Update","NT AUTHORITY\SYSTEM"
"Server94","12/28/2019 12:00:00 AM","MSKB3314189","Security Update","NT AUTHORITY\SYSTEM"
"Server95","12/28/2019 12:00:00 AM","MSKB1587207","Security Update","NT AUTHORITY\SYSTEM"
"Server95","12/28/2019 12:00:00 AM","MSKB7036205","Security Update","NT AUTHORITY\SYSTEM"
"Server95","12/28/2019 12:00:00 AM","MSKB7809128","Security Update","NT AUTHORITY\SYSTEM"
"Server95","12/28/2019 12:00:00 AM","MSKB3045950","Update","NT AUTHORITY\SYSTEM"
"Server95","12/28/2019 12:00:00 AM","MSKB4681005","Security Update","NT AUTHORITY\SYSTEM"
"Server96","12/28/2019 12:00:00 AM","MSKB6556420","Security Update","NT AUTHORITY\SYSTEM"
"Server96","12/28/2019 12:00:00 AM","MSKB7448377","Update","NT AUTHORITY\SYSTEM"
"Server96","12/28/2019 12:00:00 AM","MSKB6337725","Security Update","NT AUTHORITY\SYSTEM"
"Server97","12/28/2019 12:00:00 AM","MSKB2608746","Security Update","NT AUTHORITY\SYSTEM"
"Server97","12/28/2019 12:00:00 AM","MSKB2138752","Update","NT AUTHORITY\SYSTEM"
"Server99","12/28/2019 12:00:00 AM","MSKB6027468","Security Update","NT AUTHORITY\SYSTEM"
"Server99","12/28/2019 12:00:00 AM","MSKB4885058","Update","NT AUTHORITY\SYSTEM"
"Server99","12/28/2019 12:00:00 AM","MSKB4801741","Security Update","NT AUTHORITY\SYSTEM"
"Server99","12/28/2019 12:00:00 AM","MSKB2774186","Update","NT AUTHORITY\SYSTEM"
"Server99","12/28/2019 12:00:00 AM","MSKB3490761","Update","NT AUTHORITY\SYSTEM"
"Server99","12/28/2019 12:00:00 AM","MSKB9398124","Security Update","NT AUTHORITY\SYSTEM"
"Server99","12/28/2019 12:00:00 AM","MSKB9623049","Security Update","NT AUTHORITY\SYSTEM"
"Server0","1/4/2020 12:00:00 AM","MSKB4749599","Update","NT AUTHORITY\SYSTEM"
"Server0","1/4/2020 12:00:00 AM","MSKB4976076","Update","NT AUTHORITY\SYSTEM"
"Server0","1/4/2020 12:00:00 AM","MSKB8484493","Security Update","NT AUTHORITY\SYSTEM"
"Server0","1/4/2020 12:00:00 AM","MSKB5140883","Update","NT AUTHORITY\SYSTEM"
"Server0","1/4/2020 12:00:00 AM","MSKB6867411","Security Update","NT AUTHORITY\SYSTEM"
"Server0","1/4/2020 12:00:00 AM","MSKB3450021","Security Update","NT AUTHORITY\SYSTEM"
"Server2","1/4/2020 12:00:00 AM","MSKB2580830","Security Update","NT AUTHORITY\SYSTEM"
"Server2","1/4/2020 12:00:00 AM","MSKB4510293","Security Update","NT AUTHORITY\SYSTEM"
"Server3","1/4/2020 12:00:00 AM","MSKB1804780","Update","NT AUTHORITY\SYSTEM"
"Server4","1/4/2020 12:00:00 AM","MSKB5345288","Security Update","NT AUTHORITY\SYSTEM"
"Server5","1/4/2020 12:00:00 AM","MSKB3238024","Security Update","NT AUTHORITY\SYSTEM"
"Server6","1/4/2020 12:00:00 AM","MSKB5198605","Security Update","NT AUTHORITY\SYSTEM"
"Server6","1/4/2020 12:00:00 AM","MSKB8445004","Update","NT AUTHORITY\SYSTEM"
"Server6","1/4/2020 12:00:00 AM","MSKB1729090","Update","NT AUTHORITY\SYSTEM"
"Server6","1/4/2020 12:00:00 AM","MSKB6220275","Security Update","NT AUTHORITY\SYSTEM"
"Server6","1/4/2020 12:00:00 AM","MSKB2206428","Update","NT AUTHORITY\SYSTEM"
"Server6","1/4/2020 12:00:00 AM","MSKB3467734","Update","NT AUTHORITY\SYSTEM"
"Server8","1/4/2020 12:00:00 AM","MSKB8437320","Update","NT AUTHORITY\SYSTEM"
"Server8","1/4/2020 12:00:00 AM","MSKB4431013","Security Update","NT AUTHORITY\SYSTEM"
"Server9","1/4/2020 12:00:00 AM","MSKB7118127","Update","NT AUTHORITY\SYSTEM"
"Server9","1/4/2020 12:00:00 AM","MSKB4935927","Security Update","NT AUTHORITY\SYSTEM"
"Server9","1/4/2020 12:00:00 AM","MSKB5865283","Update","NT AUTHORITY\SYSTEM"
"Server9","1/4/2020 12:00:00 AM","MSKB1526236","Security Update","NT AUTHORITY\SYSTEM"
"Server9","1/4/2020 12:00:00 AM","MSKB4225870","Update","NT AUTHORITY\SYSTEM"
"Server10","1/4/2020 12:00:00 AM","MSKB7382852","Security Update","NT AUTHORITY\SYSTEM"
"Server10","1/4/2020 12:00:00 AM","MSKB1763308","Update","NT AUTHORITY\SYSTEM"
"Server10","1/4/2020 12:00:00 AM","MSKB4047987","Security Update","NT AUTHORITY\SYSTEM"
"Server10","1/4/2020 12:00:00 AM","MSKB8874858","Update","NT AUTHORITY\SYSTEM"
"Server10","1/4/2020 12:00:00 AM","MSKB5769525","Update","NT AUTHORITY\SYSTEM"
"Server10","1/4/2020 12:00:00 AM","MSKB5787484","Security Update","NT AUTHORITY\SYSTEM"
"Server10","1/4/2020 12:00:00 AM","MSKB6815646","Security Update","NT AUTHORITY\SYSTEM"
"Server12","1/4/2020 12:00:00 AM","MSKB3548288","Security Update","NT AUTHORITY\SYSTEM"
"Server12","1/4/2020 12:00:00 AM","MSKB1688505","Security Update","NT AUTHORITY\SYSTEM"
"Server12","1/4/2020 12:00:00 AM","MSKB7488101","Security Update","NT AUTHORITY\SYSTEM"
"Server12","1/4/2020 12:00:00 AM","MSKB4825339","Security Update","NT AUTHORITY\SYSTEM"
"Server12","1/4/2020 12:00:00 AM","MSKB9320494","Update","NT AUTHORITY\SYSTEM"
"Server12","1/4/2020 12:00:00 AM","MSKB9877131","Security Update","NT AUTHORITY\SYSTEM"
"Server14","1/4/2020 12:00:00 AM","MSKB4798638","Security Update","NT AUTHORITY\SYSTEM"
"Server14","1/4/2020 12:00:00 AM","MSKB9481318","Update","NT AUTHORITY\SYSTEM"
"Server14","1/4/2020 12:00:00 AM","MSKB6875006","Security Update","NT AUTHORITY\SYSTEM"
"Server15","1/4/2020 12:00:00 AM","MSKB1628166","Update","NT AUTHORITY\SYSTEM"
"Server16","1/4/2020 12:00:00 AM","MSKB5302139","Update","NT AUTHORITY\SYSTEM"
"Server16","1/4/2020 12:00:00 AM","MSKB5282427","Security Update","NT AUTHORITY\SYSTEM"
"Server16","1/4/2020 12:00:00 AM","MSKB7748006","Update","NT AUTHORITY\SYSTEM"
"Server16","1/4/2020 12:00:00 AM","MSKB6206164","Update","NT AUTHORITY\SYSTEM"
"Server16","1/4/2020 12:00:00 AM","MSKB5584118","Security Update","NT AUTHORITY\SYSTEM"
"Server17","1/4/2020 12:00:00 AM","MSKB1008172","Update","NT AUTHORITY\SYSTEM"
"Server18","1/4/2020 12:00:00 AM","MSKB4949611","Security Update","NT AUTHORITY\SYSTEM"
"Server18","1/4/2020 12:00:00 AM","MSKB9601978","Update","NT AUTHORITY\SYSTEM"
"Server18","1/4/2020 12:00:00 AM","MSKB6423522","Security Update","NT AUTHORITY\SYSTEM"
"Server18","1/4/2020 12:00:00 AM","MSKB2015577","Security Update","NT AUTHORITY\SYSTEM"
"Server18","1/4/2020 12:00:00 AM","MSKB4509213","Security Update","NT AUTHORITY\SYSTEM"
"Server18","1/4/2020 12:00:00 AM","MSKB3131865","Update","NT AUTHORITY\SYSTEM"
"Server20","1/4/2020 12:00:00 AM","MSKB9643905","Update","NT AUTHORITY\SYSTEM"
"Server21","1/4/2020 12:00:00 AM","MSKB6993692","Update","NT AUTHORITY\SYSTEM"
"Server21","1/4/2020 12:00:00 AM","MSKB6568507","Security Update","NT AUTHORITY\SYSTEM"
"Server21","1/4/2020 12:00:00 AM","MSKB3534806","Update","NT AUTHORITY\SYSTEM"
"Server21","1/4/2020 12:00:00 AM","MSKB4382952","Update","NT AUTHORITY\SYSTEM"
"Server22","1/4/2020 12:00:00 AM","MSKB9584074","Security Update","NT AUTHORITY\SYSTEM"
"Server22","1/4/2020 12:00:00 AM","MSKB1214902","Update","NT AUTHORITY\SYSTEM"
"Server22","1/4/2020 12:00:00 AM","MSKB2771040","Security Update","NT AUTHORITY\SYSTEM"
"Server22","1/4/2020 12:00:00 AM","MSKB5966093","Update","NT AUTHORITY\SYSTEM"
"Server22","1/4/2020 12:00:00 AM","MSKB5770451","Security Update","NT AUTHORITY\SYSTEM"
"Server22","1/4/2020 12:00:00 AM","MSKB3400687","Security Update","NT AUTHORITY\SYSTEM"
"Server23","1/4/2020 12:00:00 AM","MSKB7447223","Security Update","NT AUTHORITY\SYSTEM"
"Server23","1/4/2020 12:00:00 AM","MSKB2381149","Security Update","NT AUTHORITY\SYSTEM"
"Server23","1/4/2020 12:00:00 AM","MSKB3984424","Security Update","NT AUTHORITY\SYSTEM"
"Server24","1/4/2020 12:00:00 AM","MSKB9125756","Security Update","NT AUTHORITY\SYSTEM"
"Server24","1/4/2020 12:00:00 AM","MSKB4818127","Update","NT AUTHORITY\SYSTEM"
"Server24","1/4/2020 12:00:00 AM","MSKB9832651","Update","NT AUTHORITY\SYSTEM"
"Server24","1/4/2020 12:00:00 AM","MSKB3285382","Security Update","NT AUTHORITY\SYSTEM"
"Server24","1/4/2020 12:00:00 AM","MSKB9938861","Security Update","NT AUTHORITY\SYSTEM"
"Server25","1/4/2020 12:00:00 AM","MSKB4293054","Security Update","NT AUTHORITY\SYSTEM"
"Server25","1/4/2020 12:00:00 AM","MSKB5586393","Security Update","NT AUTHORITY\SYSTEM"
"Server25","1/4/2020 12:00:00 AM","MSKB6299506","Security Update","NT AUTHORITY\SYSTEM"
"Server25","1/4/2020 12:00:00 AM","MSKB7777997","Update","NT AUTHORITY\SYSTEM"
"Server25","1/4/2020 12:00:00 AM","MSKB9728942","Update","NT AUTHORITY\SYSTEM"
"Server25","1/4/2020 12:00:00 AM","MSKB1858950","Update","NT AUTHORITY\SYSTEM"
"Server25","1/4/2020 12:00:00 AM","MSKB8256057","Update","NT AUTHORITY\SYSTEM"
"Server26","1/4/2020 12:00:00 AM","MSKB9246186","Security Update","NT AUTHORITY\SYSTEM"
"Server26","1/4/2020 12:00:00 AM","MSKB3957263","Security Update","NT AUTHORITY\SYSTEM"
"Server26","1/4/2020 12:00:00 AM","MSKB7925989","Update","NT AUTHORITY\SYSTEM"
"Server27","1/4/2020 12:00:00 AM","MSKB1757605","Update","NT AUTHORITY\SYSTEM"
"Server27","1/4/2020 12:00:00 AM","MSKB9796895","Security Update","NT AUTHORITY\SYSTEM"
"Server27","1/4/2020 12:00:00 AM","MSKB8867438","Update","NT AUTHORITY\SYSTEM"
"Server27","1/4/2020 12:00:00 AM","MSKB1218396","Security Update","NT AUTHORITY\SYSTEM"
"Server28","1/4/2020 12:00:00 AM","MSKB3835366","Security Update","NT AUTHORITY\SYSTEM"
"Server28","1/4/2020 12:00:00 AM","MSKB8101325","Security Update","NT AUTHORITY\SYSTEM"
"Server28","1/4/2020 12:00:00 AM","MSKB2970893","Security Update","NT AUTHORITY\SYSTEM"
"Server29","1/4/2020 12:00:00 AM","MSKB7452389","Security Update","NT AUTHORITY\SYSTEM"
"Server29","1/4/2020 12:00:00 AM","MSKB5712969","Update","NT AUTHORITY\SYSTEM"
"Server29","1/4/2020 12:00:00 AM","MSKB3696463","Security Update","NT AUTHORITY\SYSTEM"
"Server29","1/4/2020 12:00:00 AM","MSKB2591546","Security Update","NT AUTHORITY\SYSTEM"
"Server29","1/4/2020 12:00:00 AM","MSKB5085515","Update","NT AUTHORITY\SYSTEM"
"Server30","1/4/2020 12:00:00 AM","MSKB1471053","Security Update","NT AUTHORITY\SYSTEM"
"Server30","1/4/2020 12:00:00 AM","MSKB1885244","Security Update","NT AUTHORITY\SYSTEM"
"Server30","1/4/2020 12:00:00 AM","MSKB6766205","Security Update","NT AUTHORITY\SYSTEM"
"Server30","1/4/2020 12:00:00 AM","MSKB3977159","Update","NT AUTHORITY\SYSTEM"
"Server31","1/4/2020 12:00:00 AM","MSKB2611564","Update","NT AUTHORITY\SYSTEM"
"Server31","1/4/2020 12:00:00 AM","MSKB1496228","Security Update","NT AUTHORITY\SYSTEM"
"Server32","1/4/2020 12:00:00 AM","MSKB9821837","Update","NT AUTHORITY\SYSTEM"
"Server32","1/4/2020 12:00:00 AM","MSKB2689316","Security Update","NT AUTHORITY\SYSTEM"
"Server32","1/4/2020 12:00:00 AM","MSKB4557298","Security Update","NT AUTHORITY\SYSTEM"
"Server32","1/4/2020 12:00:00 AM","MSKB7282685","Security Update","NT AUTHORITY\SYSTEM"
"Server33","1/4/2020 12:00:00 AM","MSKB5750194","Security Update","NT AUTHORITY\SYSTEM"
"Server33","1/4/2020 12:00:00 AM","MSKB2759227","Security Update","NT AUTHORITY\SYSTEM"
"Server34","1/4/2020 12:00:00 AM","MSKB1576546","Update","NT AUTHORITY\SYSTEM"
"Server35","1/4/2020 12:00:00 AM","MSKB7723289","Update","NT AUTHORITY\SYSTEM"
"Server35","1/4/2020 12:00:00 AM","MSKB7523067","Update","NT AUTHORITY\SYSTEM"
"Server35","1/4/2020 12:00:00 AM","MSKB1236887","Security Update","NT AUTHORITY\SYSTEM"
"Server35","1/4/2020 12:00:00 AM","MSKB9493748","Security Update","NT AUTHORITY\SYSTEM"
"Server35","1/4/2020 12:00:00 AM","MSKB6460474","Security Update","NT AUTHORITY\SYSTEM"
"Server35","1/4/2020 12:00:00 AM","MSKB4063114","Security Update","NT AUTHORITY\SYSTEM"
"Server35","1/4/2020 12:00:00 AM","MSKB2038607","Security Update","NT AUTHORITY\SYSTEM"
"Server36","1/4/2020 12:00:00 AM","MSKB3981965","Security Update","NT AUTHORITY\SYSTEM"
"Server36","1/4/2020 12:00:00 AM","MSKB7879041","Update","NT AUTHORITY\SYSTEM"
"Server36","1/4/2020 12:00:00 AM","MSKB6570846","Security Update","NT AUTHORITY\SYSTEM"
"Server36","1/4/2020 12:00:00 AM","MSKB7260195","Security Update","NT AUTHORITY\SYSTEM"
"Server36","1/4/2020 12:00:00 AM","MSKB4556589","Security Update","NT AUTHORITY\SYSTEM"
"Server36","1/4/2020 12:00:00 AM","MSKB8054354","Update","NT AUTHORITY\SYSTEM"
"Server37","1/4/2020 12:00:00 AM","MSKB3732639","Security Update","NT AUTHORITY\SYSTEM"
"Server37","1/4/2020 12:00:00 AM","MSKB9176234","Update","NT AUTHORITY\SYSTEM"
"Server38","1/4/2020 12:00:00 AM","MSKB9265523","Update","NT AUTHORITY\SYSTEM"
"Server38","1/4/2020 12:00:00 AM","MSKB5203063","Security Update","NT AUTHORITY\SYSTEM"
"Server40","1/4/2020 12:00:00 AM","MSKB2214190","Update","NT AUTHORITY\SYSTEM"
"Server40","1/4/2020 12:00:00 AM","MSKB3490163","Security Update","NT AUTHORITY\SYSTEM"
"Server40","1/4/2020 12:00:00 AM","MSKB3237186","Update","NT AUTHORITY\SYSTEM"
"Server40","1/4/2020 12:00:00 AM","MSKB8392851","Update","NT AUTHORITY\SYSTEM"
"Server40","1/4/2020 12:00:00 AM","MSKB8156975","Update","NT AUTHORITY\SYSTEM"
"Server40","1/4/2020 12:00:00 AM","MSKB9568773","Update","NT AUTHORITY\SYSTEM"
"Server42","1/4/2020 12:00:00 AM","MSKB9606086","Update","NT AUTHORITY\SYSTEM"
"Server42","1/4/2020 12:00:00 AM","MSKB9937681","Update","NT AUTHORITY\SYSTEM"
"Server42","1/4/2020 12:00:00 AM","MSKB5924707","Security Update","NT AUTHORITY\SYSTEM"
"Server42","1/4/2020 12:00:00 AM","MSKB5356603","Security Update","NT AUTHORITY\SYSTEM"
"Server42","1/4/2020 12:00:00 AM","MSKB2124924","Update","NT AUTHORITY\SYSTEM"
"Server42","1/4/2020 12:00:00 AM","MSKB1847808","Update","NT AUTHORITY\SYSTEM"
"Server42","1/4/2020 12:00:00 AM","MSKB4882303","Update","NT AUTHORITY\SYSTEM"
"Server43","1/4/2020 12:00:00 AM","MSKB7869611","Update","NT AUTHORITY\SYSTEM"
"Server43","1/4/2020 12:00:00 AM","MSKB4122225","Security Update","NT AUTHORITY\SYSTEM"
"Server44","1/4/2020 12:00:00 AM","MSKB7159379","Security Update","NT AUTHORITY\SYSTEM"
"Server44","1/4/2020 12:00:00 AM","MSKB7811600","Update","NT AUTHORITY\SYSTEM"
"Server44","1/4/2020 12:00:00 AM","MSKB9736027","Update","NT AUTHORITY\SYSTEM"
"Server44","1/4/2020 12:00:00 AM","MSKB2175586","Security Update","NT AUTHORITY\SYSTEM"
"Server45","1/4/2020 12:00:00 AM","MSKB2464555","Update","NT AUTHORITY\SYSTEM"
"Server45","1/4/2020 12:00:00 AM","MSKB7482603","Update","NT AUTHORITY\SYSTEM"
"Server45","1/4/2020 12:00:00 AM","MSKB3483139","Update","NT AUTHORITY\SYSTEM"
"Server45","1/4/2020 12:00:00 AM","MSKB1047908","Security Update","NT AUTHORITY\SYSTEM"
"Server45","1/4/2020 12:00:00 AM","MSKB7062791","Security Update","NT AUTHORITY\SYSTEM"
"Server45","1/4/2020 12:00:00 AM","MSKB3806035","Update","NT AUTHORITY\SYSTEM"
"Server46","1/4/2020 12:00:00 AM","MSKB7920526","Update","NT AUTHORITY\SYSTEM"
"Server46","1/4/2020 12:00:00 AM","MSKB8134608","Update","NT AUTHORITY\SYSTEM"
"Server47","1/4/2020 12:00:00 AM","MSKB4776930","Update","NT AUTHORITY\SYSTEM"
"Server47","1/4/2020 12:00:00 AM","MSKB1068757","Update","NT AUTHORITY\SYSTEM"
"Server47","1/4/2020 12:00:00 AM","MSKB4209519","Update","NT AUTHORITY\SYSTEM"
"Server47","1/4/2020 12:00:00 AM","MSKB6874437","Security Update","NT AUTHORITY\SYSTEM"
"Server47","1/4/2020 12:00:00 AM","MSKB3925440","Security Update","NT AUTHORITY\SYSTEM"
"Server47","1/4/2020 12:00:00 AM","MSKB4619512","Update","NT AUTHORITY\SYSTEM"
"Server47","1/4/2020 12:00:00 AM","MSKB4105475","Security Update","NT AUTHORITY\SYSTEM"
"Server49","1/4/2020 12:00:00 AM","MSKB6976759","Security Update","NT AUTHORITY\SYSTEM"
"Server49","1/4/2020 12:00:00 AM","MSKB3060940","Security Update","NT AUTHORITY\SYSTEM"
"Server50","1/4/2020 12:00:00 AM","MSKB5891295","Security Update","NT AUTHORITY\SYSTEM"
"Server50","1/4/2020 12:00:00 AM","MSKB3723738","Update","NT AUTHORITY\SYSTEM"
"Server50","1/4/2020 12:00:00 AM","MSKB3514340","Security Update","NT AUTHORITY\SYSTEM"
"Server51","1/4/2020 12:00:00 AM","MSKB1486043","Security Update","NT AUTHORITY\SYSTEM"
"Server51","1/4/2020 12:00:00 AM","MSKB2946099","Security Update","NT AUTHORITY\SYSTEM"
"Server51","1/4/2020 12:00:00 AM","MSKB9076580","Security Update","NT AUTHORITY\SYSTEM"
"Server51","1/4/2020 12:00:00 AM","MSKB4486427","Security Update","NT AUTHORITY\SYSTEM"
"Server51","1/4/2020 12:00:00 AM","MSKB6225046","Update","NT AUTHORITY\SYSTEM"
"Server52","1/4/2020 12:00:00 AM","MSKB5933444","Update","NT AUTHORITY\SYSTEM"
"Server52","1/4/2020 12:00:00 AM","MSKB6672413","Security Update","NT AUTHORITY\SYSTEM"
"Server53","1/4/2020 12:00:00 AM","MSKB6693410","Security Update","NT AUTHORITY\SYSTEM"
"Server53","1/4/2020 12:00:00 AM","MSKB8888487","Security Update","NT AUTHORITY\SYSTEM"
"Server53","1/4/2020 12:00:00 AM","MSKB3392412","Update","NT AUTHORITY\SYSTEM"
"Server53","1/4/2020 12:00:00 AM","MSKB1146084","Security Update","NT AUTHORITY\SYSTEM"
"Server53","1/4/2020 12:00:00 AM","MSKB3508352","Security Update","NT AUTHORITY\SYSTEM"
"Server53","1/4/2020 12:00:00 AM","MSKB9564393","Update","NT AUTHORITY\SYSTEM"
"Server53","1/4/2020 12:00:00 AM","MSKB7820192","Update","NT AUTHORITY\SYSTEM"
"Server54","1/4/2020 12:00:00 AM","MSKB9866457","Update","NT AUTHORITY\SYSTEM"
"Server54","1/4/2020 12:00:00 AM","MSKB1975492","Update","NT AUTHORITY\SYSTEM"
"Server54","1/4/2020 12:00:00 AM","MSKB5921329","Security Update","NT AUTHORITY\SYSTEM"
"Server54","1/4/2020 12:00:00 AM","MSKB2055635","Update","NT AUTHORITY\SYSTEM"
"Server55","1/4/2020 12:00:00 AM","MSKB6873577","Security Update","NT AUTHORITY\SYSTEM"
"Server55","1/4/2020 12:00:00 AM","MSKB5917615","Security Update","NT AUTHORITY\SYSTEM"
"Server55","1/4/2020 12:00:00 AM","MSKB7614881","Update","NT AUTHORITY\SYSTEM"
"Server56","1/4/2020 12:00:00 AM","MSKB5304735","Security Update","NT AUTHORITY\SYSTEM"
"Server57","1/4/2020 12:00:00 AM","MSKB3669432","Update","NT AUTHORITY\SYSTEM"
"Server57","1/4/2020 12:00:00 AM","MSKB4432268","Security Update","NT AUTHORITY\SYSTEM"
"Server57","1/4/2020 12:00:00 AM","MSKB7667673","Update","NT AUTHORITY\SYSTEM"
"Server57","1/4/2020 12:00:00 AM","MSKB6180888","Update","NT AUTHORITY\SYSTEM"
"Server58","1/4/2020 12:00:00 AM","MSKB6006280","Update","NT AUTHORITY\SYSTEM"
"Server58","1/4/2020 12:00:00 AM","MSKB1191586","Security Update","NT AUTHORITY\SYSTEM"
"Server58","1/4/2020 12:00:00 AM","MSKB8593484","Security Update","NT AUTHORITY\SYSTEM"
"Server58","1/4/2020 12:00:00 AM","MSKB4065404","Security Update","NT AUTHORITY\SYSTEM"
"Server58","1/4/2020 12:00:00 AM","MSKB7040641","Update","NT AUTHORITY\SYSTEM"
"Server58","1/4/2020 12:00:00 AM","MSKB3404272","Update","NT AUTHORITY\SYSTEM"
"Server59","1/4/2020 12:00:00 AM","MSKB5111918","Security Update","NT AUTHORITY\SYSTEM"
"Server59","1/4/2020 12:00:00 AM","MSKB4774699","Security Update","NT AUTHORITY\SYSTEM"
"Server59","1/4/2020 12:00:00 AM","MSKB3494729","Update","NT AUTHORITY\SYSTEM"
"Server59","1/4/2020 12:00:00 AM","MSKB4696830","Security Update","NT AUTHORITY\SYSTEM"
"Server59","1/4/2020 12:00:00 AM","MSKB4834868","Security Update","NT AUTHORITY\SYSTEM"
"Server59","1/4/2020 12:00:00 AM","MSKB7924715","Security Update","NT AUTHORITY\SYSTEM"
"Server62","1/4/2020 12:00:00 AM","MSKB8545489","Update","NT AUTHORITY\SYSTEM"
"Server62","1/4/2020 12:00:00 AM","MSKB1441134","Update","NT AUTHORITY\SYSTEM"
"Server62","1/4/2020 12:00:00 AM","MSKB9670149","Update","NT AUTHORITY\SYSTEM"
"Server62","1/4/2020 12:00:00 AM","MSKB3549946","Update","NT AUTHORITY\SYSTEM"
"Server64","1/4/2020 12:00:00 AM","MSKB4434979","Update","NT AUTHORITY\SYSTEM"
"Server64","1/4/2020 12:00:00 AM","MSKB9617963","Security Update","NT AUTHORITY\SYSTEM"
"Server64","1/4/2020 12:00:00 AM","MSKB5510498","Security Update","NT AUTHORITY\SYSTEM"
"Server64","1/4/2020 12:00:00 AM","MSKB1345420","Security Update","NT AUTHORITY\SYSTEM"
"Server67","1/4/2020 12:00:00 AM","MSKB3453925","Update","NT AUTHORITY\SYSTEM"
"Server68","1/4/2020 12:00:00 AM","MSKB1687094","Security Update","NT AUTHORITY\SYSTEM"
"Server69","1/4/2020 12:00:00 AM","MSKB1428136","Security Update","NT AUTHORITY\SYSTEM"
"Server69","1/4/2020 12:00:00 AM","MSKB1183259","Update","NT AUTHORITY\SYSTEM"
"Server69","1/4/2020 12:00:00 AM","MSKB6266632","Security Update","NT AUTHORITY\SYSTEM"
"Server70","1/4/2020 12:00:00 AM","MSKB1624533","Update","NT AUTHORITY\SYSTEM"
"Server70","1/4/2020 12:00:00 AM","MSKB7997517","Update","NT AUTHORITY\SYSTEM"
"Server72","1/4/2020 12:00:00 AM","MSKB9748517","Update","NT AUTHORITY\SYSTEM"
"Server72","1/4/2020 12:00:00 AM","MSKB2100783","Security Update","NT AUTHORITY\SYSTEM"
"Server72","1/4/2020 12:00:00 AM","MSKB5280365","Update","NT AUTHORITY\SYSTEM"
"Server72","1/4/2020 12:00:00 AM","MSKB9879200","Security Update","NT AUTHORITY\SYSTEM"
"Server72","1/4/2020 12:00:00 AM","MSKB9997129","Security Update","NT AUTHORITY\SYSTEM"
"Server73","1/4/2020 12:00:00 AM","MSKB8748617","Update","NT AUTHORITY\SYSTEM"
"Server73","1/4/2020 12:00:00 AM","MSKB1458276","Update","NT AUTHORITY\SYSTEM"
"Server73","1/4/2020 12:00:00 AM","MSKB8845779","Security Update","NT AUTHORITY\SYSTEM"
"Server73","1/4/2020 12:00:00 AM","MSKB8421318","Update","NT AUTHORITY\SYSTEM"
"Server73","1/4/2020 12:00:00 AM","MSKB5641084","Update","NT AUTHORITY\SYSTEM"
"Server74","1/4/2020 12:00:00 AM","MSKB6673948","Update","NT AUTHORITY\SYSTEM"
"Server75","1/4/2020 12:00:00 AM","MSKB1969060","Update","NT AUTHORITY\SYSTEM"
"Server75","1/4/2020 12:00:00 AM","MSKB8200936","Security Update","NT AUTHORITY\SYSTEM"
"Server75","1/4/2020 12:00:00 AM","MSKB6046872","Update","NT AUTHORITY\SYSTEM"
"Server75","1/4/2020 12:00:00 AM","MSKB6268488","Update","NT AUTHORITY\SYSTEM"
"Server75","1/4/2020 12:00:00 AM","MSKB1388814","Update","NT AUTHORITY\SYSTEM"
"Server75","1/4/2020 12:00:00 AM","MSKB2642736","Security Update","NT AUTHORITY\SYSTEM"
"Server77","1/4/2020 12:00:00 AM","MSKB8701147","Security Update","NT AUTHORITY\SYSTEM"
"Server77","1/4/2020 12:00:00 AM","MSKB6141515","Security Update","NT AUTHORITY\SYSTEM"
"Server77","1/4/2020 12:00:00 AM","MSKB7106795","Security Update","NT AUTHORITY\SYSTEM"
"Server77","1/4/2020 12:00:00 AM","MSKB1865384","Security Update","NT AUTHORITY\SYSTEM"
"Server77","1/4/2020 12:00:00 AM","MSKB4758062","Update","NT AUTHORITY\SYSTEM"
"Server77","1/4/2020 12:00:00 AM","MSKB5957215","Update","NT AUTHORITY\SYSTEM"
"Server78","1/4/2020 12:00:00 AM","MSKB8963868","Security Update","NT AUTHORITY\SYSTEM"
"Server78","1/4/2020 12:00:00 AM","MSKB8294027","Security Update","NT AUTHORITY\SYSTEM"
"Server78","1/4/2020 12:00:00 AM","MSKB8068463","Security Update","NT AUTHORITY\SYSTEM"
"Server78","1/4/2020 12:00:00 AM","MSKB8704187","Security Update","NT AUTHORITY\SYSTEM"
"Server78","1/4/2020 12:00:00 AM","MSKB4278667","Security Update","NT AUTHORITY\SYSTEM"
"Server78","1/4/2020 12:00:00 AM","MSKB8127012","Update","NT AUTHORITY\SYSTEM"
"Server78","1/4/2020 12:00:00 AM","MSKB4900082","Update","NT AUTHORITY\SYSTEM"
"Server81","1/4/2020 12:00:00 AM","MSKB2157804","Security Update","NT AUTHORITY\SYSTEM"
"Server81","1/4/2020 12:00:00 AM","MSKB5288042","Security Update","NT AUTHORITY\SYSTEM"
"Server81","1/4/2020 12:00:00 AM","MSKB1367468","Security Update","NT AUTHORITY\SYSTEM"
"Server82","1/4/2020 12:00:00 AM","MSKB8554517","Update","NT AUTHORITY\SYSTEM"
"Server82","1/4/2020 12:00:00 AM","MSKB2301745","Update","NT AUTHORITY\SYSTEM"
"Server82","1/4/2020 12:00:00 AM","MSKB9985993","Update","NT AUTHORITY\SYSTEM"
"Server82","1/4/2020 12:00:00 AM","MSKB8646093","Update","NT AUTHORITY\SYSTEM"
"Server84","1/4/2020 12:00:00 AM","MSKB2794929","Update","NT AUTHORITY\SYSTEM"
"Server84","1/4/2020 12:00:00 AM","MSKB5294477","Security Update","NT AUTHORITY\SYSTEM"
"Server85","1/4/2020 12:00:00 AM","MSKB6067719","Update","NT AUTHORITY\SYSTEM"
"Server85","1/4/2020 12:00:00 AM","MSKB5030822","Update","NT AUTHORITY\SYSTEM"
"Server85","1/4/2020 12:00:00 AM","MSKB8002596","Update","NT AUTHORITY\SYSTEM"
"Server85","1/4/2020 12:00:00 AM","MSKB7024572","Update","NT AUTHORITY\SYSTEM"
"Server85","1/4/2020 12:00:00 AM","MSKB1099530","Update","NT AUTHORITY\SYSTEM"
"Server85","1/4/2020 12:00:00 AM","MSKB3705445","Update","NT AUTHORITY\SYSTEM"
"Server86","1/4/2020 12:00:00 AM","MSKB9082676","Security Update","NT AUTHORITY\SYSTEM"
"Server86","1/4/2020 12:00:00 AM","MSKB7098033","Security Update","NT AUTHORITY\SYSTEM"
"Server86","1/4/2020 12:00:00 AM","MSKB3415350","Update","NT AUTHORITY\SYSTEM"
"Server86","1/4/2020 12:00:00 AM","MSKB8123842","Security Update","NT AUTHORITY\SYSTEM"
"Server86","1/4/2020 12:00:00 AM","MSKB9032387","Update","NT AUTHORITY\SYSTEM"
"Server86","1/4/2020 12:00:00 AM","MSKB3309622","Update","NT AUTHORITY\SYSTEM"
"Server88","1/4/2020 12:00:00 AM","MSKB5362022","Update","NT AUTHORITY\SYSTEM"
"Server88","1/4/2020 12:00:00 AM","MSKB5908718","Security Update","NT AUTHORITY\SYSTEM"
"Server88","1/4/2020 12:00:00 AM","MSKB2307704","Security Update","NT AUTHORITY\SYSTEM"
"Server88","1/4/2020 12:00:00 AM","MSKB3628152","Update","NT AUTHORITY\SYSTEM"
"Server88","1/4/2020 12:00:00 AM","MSKB1383750","Security Update","NT AUTHORITY\SYSTEM"
"Server88","1/4/2020 12:00:00 AM","MSKB7608438","Update","NT AUTHORITY\SYSTEM"
"Server88","1/4/2020 12:00:00 AM","MSKB5430029","Security Update","NT AUTHORITY\SYSTEM"
"Server89","1/4/2020 12:00:00 AM","MSKB6419622","Security Update","NT AUTHORITY\SYSTEM"
"Server89","1/4/2020 12:00:00 AM","MSKB2790575","Update","NT AUTHORITY\SYSTEM"
"Server89","1/4/2020 12:00:00 AM","MSKB8513817","Security Update","NT AUTHORITY\SYSTEM"
"Server89","1/4/2020 12:00:00 AM","MSKB7261398","Update","NT AUTHORITY\SYSTEM"
"Server89","1/4/2020 12:00:00 AM","MSKB1704528","Security Update","NT AUTHORITY\SYSTEM"
"Server89","1/4/2020 12:00:00 AM","MSKB7576192","Update","NT AUTHORITY\SYSTEM"
"Server89","1/4/2020 12:00:00 AM","MSKB7132322","Security Update","NT AUTHORITY\SYSTEM"
"Server92","1/4/2020 12:00:00 AM","MSKB2563520","Security Update","NT AUTHORITY\SYSTEM"
"Server92","1/4/2020 12:00:00 AM","MSKB3336940","Security Update","NT AUTHORITY\SYSTEM"
"Server92","1/4/2020 12:00:00 AM","MSKB8640215","Security Update","NT AUTHORITY\SYSTEM"
"Server92","1/4/2020 12:00:00 AM","MSKB7721728","Update","NT AUTHORITY\SYSTEM"
"Server93","1/4/2020 12:00:00 AM","MSKB8203858","Update","NT AUTHORITY\SYSTEM"
"Server93","1/4/2020 12:00:00 AM","MSKB6778812","Security Update","NT AUTHORITY\SYSTEM"
"Server93","1/4/2020 12:00:00 AM","MSKB5871316","Security Update","NT AUTHORITY\SYSTEM"
"Server93","1/4/2020 12:00:00 AM","MSKB1159425","Update","NT AUTHORITY\SYSTEM"
"Server93","1/4/2020 12:00:00 AM","MSKB2125131","Security Update","NT AUTHORITY\SYSTEM"
"Server93","1/4/2020 12:00:00 AM","MSKB7267414","Update","NT AUTHORITY\SYSTEM"
"Server93","1/4/2020 12:00:00 AM","MSKB5986337","Update","NT AUTHORITY\SYSTEM"
"Server95","1/4/2020 12:00:00 AM","MSKB2171880","Update","NT AUTHORITY\SYSTEM"
"Server95","1/4/2020 12:00:00 AM","MSKB1605168","Update","NT AUTHORITY\SYSTEM"
"Server95","1/4/2020 12:00:00 AM","MSKB4267660","Update","NT AUTHORITY\SYSTEM"
"Server95","1/4/2020 12:00:00 AM","MSKB3002032","Update","NT AUTHORITY\SYSTEM"
"Server95","1/4/2020 12:00:00 AM","MSKB2341375","Security Update","NT AUTHORITY\SYSTEM"
"Server95","1/4/2020 12:00:00 AM","MSKB5037408","Security Update","NT AUTHORITY\SYSTEM"
"Server96","1/4/2020 12:00:00 AM","MSKB1765934","Update","NT AUTHORITY\SYSTEM"
"Server96","1/4/2020 12:00:00 AM","MSKB9989378","Update","NT AUTHORITY\SYSTEM"
"Server96","1/4/2020 12:00:00 AM","MSKB8971291","Security Update","NT AUTHORITY\SYSTEM"
"Server96","1/4/2020 12:00:00 AM","MSKB2709103","Security Update","NT AUTHORITY\SYSTEM"
"Server96","1/4/2020 12:00:00 AM","MSKB5932224","Update","NT AUTHORITY\SYSTEM"
"Server97","1/4/2020 12:00:00 AM","MSKB3856057","Update","NT AUTHORITY\SYSTEM"
"Server97","1/4/2020 12:00:00 AM","MSKB1723092","Security Update","NT AUTHORITY\SYSTEM"
"Server97","1/4/2020 12:00:00 AM","MSKB4700583","Security Update","NT AUTHORITY\SYSTEM"
"Server97","1/4/2020 12:00:00 AM","MSKB9218033","Security Update","NT AUTHORITY\SYSTEM"
"Server97","1/4/2020 12:00:00 AM","MSKB7945900","Update","NT AUTHORITY\SYSTEM"
"Server97","1/4/2020 12:00:00 AM","MSKB9608286","Update","NT AUTHORITY\SYSTEM"
"Server97","1/4/2020 12:00:00 AM","MSKB5773059","Security Update","NT AUTHORITY\SYSTEM"
"Server98","1/4/2020 12:00:00 AM","MSKB1819459","Update","NT AUTHORITY\SYSTEM"
"Server98","1/4/2020 12:00:00 AM","MSKB4086590","Security Update","NT AUTHORITY\SYSTEM"
"Server98","1/4/2020 12:00:00 AM","MSKB8128448","Update","NT AUTHORITY\SYSTEM"
"Server98","1/4/2020 12:00:00 AM","MSKB1295477","Update","NT AUTHORITY\SYSTEM"
"Server98","1/4/2020 12:00:00 AM","MSKB1797299","Update","NT AUTHORITY\SYSTEM"
"Server98","1/4/2020 12:00:00 AM","MSKB9107605","Update","NT AUTHORITY\SYSTEM"
"Server98","1/4/2020 12:00:00 AM","MSKB4054214","Security Update","NT AUTHORITY\SYSTEM"
"Server99","1/4/2020 12:00:00 AM","MSKB2763061","Security Update","NT AUTHORITY\SYSTEM"
"Server99","1/4/2020 12:00:00 AM","MSKB3456529","Security Update","NT AUTHORITY\SYSTEM"
"Server99","1/4/2020 12:00:00 AM","MSKB8595569","Update","NT AUTHORITY\SYSTEM"
"Server99","1/4/2020 12:00:00 AM","MSKB1468127","Update","NT AUTHORITY\SYSTEM"
"Server99","1/4/2020 12:00:00 AM","MSKB4568146","Security Update","NT AUTHORITY\SYSTEM"
